{"cameraMode":{"drawMode":0,"name":"Shaded","section":"Shading Mode"},"sceneLighting":false,"audioPlay":false,"sceneViewState":{"showFog":true,"showMaterialUpdate":false,"showSkybox":false,"showFlares":true,"showImageEffects":true,"showParticleSystems":true},"in2DMode":false,"pivot":{"x":1.4823589324951172,"y":6.7861433029174809,"z":1.5740666389465333},"rotation":{"x":-0.05787220597267151,"y":0.9132539629936218,"z":-0.13971588015556336,"w":-0.378282368183136},"size":4.254313945770264,"orthographic":false}