{"cameraMode":{"drawMode":0,"name":"Shaded","section":"Shading Mode"},"sceneLighting":false,"audioPlay":false,"sceneViewState":{"showFog":true,"showMaterialUpdate":false,"showSkybox":false,"showFlares":true,"showImageEffects":true,"showParticleSystems":true},"in2DMode":false,"pivot":{"x":2.092127799987793,"y":4.474887847900391,"z":2.9312453269958498},"rotation":{"x":-0.05787220597267151,"y":0.9132539629936218,"z":-0.13971588015556336,"w":-0.378282368183136},"size":17.43846321105957,"orthographic":false}