{"cameraMode":{"drawMode":0,"name":"Shaded","section":"Shading Mode"},"sceneLighting":true,"audioPlay":false,"sceneViewState":{"showFog":true,"showMaterialUpdate":false,"showSkybox":true,"showFlares":true,"showImageEffects":true,"showParticleSystems":true},"in2DMode":false,"pivot":{"x":-0.6234512329101563,"y":3.24967360496521,"z":-2.4573707580566408},"rotation":{"x":-0.05787220597267151,"y":0.9132539629936218,"z":-0.13971588015556336,"w":-0.378282368183136},"size":16.14179229736328,"orthographic":false}